
-- Usuario

INSERT INTO Usuario (idUsuario, contrasenia) VALUES
('luis.flores','luis.flores'),
('jesus.cirilo','jesus.cirilo'),
('renzo.castillo','renzo.castillo'),
('rocio.lavalle', 'rocio.lavalle'),
('maricielo.linares', 'maricielo.linares'),
('fernando.sandoval', 'fernando.sandoval'),
('luis.malpartida', 'luis.malpartida'),
('karen.huanuco', 'karen.huanuco'),
('carlos.arango', 'carlos.arango'),
('moises.quispe', 'moises.quispe'),
('anderson.castillo','anderson.castillo'),
('jose.perez','jose.perez'),
('carlos.baez','carlos.baez'),
('jean.sullon','jean.sullon'),
('johnny.lopez','johnny.lopez'),
('jose.bejarano','jose.bejarano'),
('fernando.perez','fernando.perez'),
('wendy.mendoza','wendy.mendoza'),
('jean.atalaya','jean.atalaya'),
('patricia.horna','patricia.horna'),
('eduardo.gamarra','eduardo.gamarra'),
('eduardo.crisostomo','eduardo.crisostomo'),
('ruben.camarena','ruben.camarena'),
('renzo.martinez','renzo.martinez'),
('kevin.pereda','kevin.pereda'),
('david.arteaga','david.arteaga'),
('marck.palacios','marck.palacios'),
('kevin.tantalean','kevin.tantalean'),
('miguel.cano', 'miguel.cano'),
('jose.pascual', 'jose.pascual'),
('gabriel.calvo', 'gabriel.calvo'),
('paul.cruz', 'paul.cruz'),
('juan.alvarez', 'juan.alvarez'),
('jose.perez1', 'jose.perez1'),
('adrian.medina', 'adrian.medina'),
('hector.vargas', 'hector.vargas');


-- Administrador

INSERT INTO Administrador (codAdministrador, nombreAdmin, apellidoPatAdmin, apellidoMatAdmin, idUsuario) VALUES
('10200300', 'Luis Fernando', 'Flores', 'Mejia', 'luis.flores');

-- Profesor

INSERT INTO Profesor (codProfesor, nombreProfe, apellidoPatProfe, apellidoMatProfe, idUsuario) VALUES 
('11200100', 'Jesus Nirio', 'Cirilo', 'Escudero', 'jesus.cirilo'),
('11200101', 'Renzo Martin', 'Castillo', 'Sanchez', 'renzo.castillo'),
('11200102', 'Rocio Pilar', 'Lavalle', 'Martines', 'rocio.lavalle'),
('11200103', 'Maricielo', 'Linares', 'Mendez', 'maricielo.linares'),
('11200104', 'Fernando Martin', 'Sandoval', 'Santillana', 'fernando.sandoval'),
('11200105', 'Luis Augusto', 'Malpartida', 'Zamora', 'luis.malpartida'),
('11200106', 'Karen Magaly', 'Huanuco', 'Huayanay', 'karen.huanuco'),
('11200107', 'Carlos Enrique', 'Arango', 'Saenz', 'carlos.arango'),
('11200108', 'Moises Antonio', 'Quispe', 'Cieza', 'moises.quispe');


-- Alumno
INSERT INTO Alumno (codAlumno, nombreAlum, apellidoPatAlum, apellidoMatAlum, anioIngreso,idUsuario) VALUES 
('17200300', 'Anderson Jesus', 'Castillo', 'Lopez', 2017,'anderson.castillo'),
('17200301','Jose Armando', 'Perez', 'Becerra', 2017, 'jose.perez'),
('17200302', 'Carlos Alfredo', 'Baez', 'Rojas', 2017, 'carlos.baez'),
('17200303', 'Jean Piere', 'Sullon', 'Monteza', 2017, 'jean.sullon'),
('17200304', 'Johnny Heraclio', 'Lopez', 'Pena', 2017, 'johnny.lopez'),
('17200305', 'Jose Alonso', 'Bejarano', 'Carranza', 2017, 'jose.bejarano'),
('17200306', 'Fernando Alberto', 'Perez', 'Guzman', 2017, 'fernando.perez'),
('17200307', 'Wendy Jazmin', 'Mendonza', 'Perez', 2017, 'wendy.mendoza'),
('17200308', 'Jean Carlos', 'Atalaya', 'Pinedo', 2017, 'jean.atalaya'),
('17200309', 'Miguel Luis', 'Cano', 'Herrera', 2017, 'miguel.cano'),
('17200310', 'Jose Antonio', 'Lopez', 'Pascual', 2017, 'jose.pascual'),
('17200311', 'Gabriel', 'Calvo', 'Alvarez', 2017, 'gabriel.calvo'),
('17200312', 'Paul Carlos', 'Cruz', 'Santos', 2017, 'paul.cruz'),
('18200300', 'Patricia Carola', 'Horna', 'Castillo', 2018, 'patricia.horna'),
('18200301', 'Eduardo Antonio', 'Gamarra', 'Gomez', 2018, 'eduardo.gamarra'),
('18200302', 'Eduardo Francisco', 'Crisostomo', 'Paredes', 2018, 'eduardo.crisostomo'),
('18200303', 'Ruben Eduardo', 'Camarena', 'Jauregui', 2018, 'ruben.camarena'),
('18200304', 'Renzo Alexander', 'Martinez', 'Altamirano', 2018, 'renzo.martinez'),
('18200305', 'Kevin Jaffet', 'Pereda', 'Uceda', 2018, 'kevin.pereda'),
('18200306', 'David Alfredo', 'Arteaga', 'Puccini', 2018, 'david.arteaga'),
('18200307', 'Marck', 'Palacios', 'Luna', 2018, 'marck.palacios'),
('18200308', 'Kevin Andre', 'Tantalean', 'Diaz', 2018, 'kevin.tantalean'),
('18200309', 'Juan', 'Alvarez', 'Fuentes', 2018, 'juan.alvarez'),
('18200310', 'Jose Italo', 'Perez', 'Suarez', 2018, 'jose.perez1'),
('18200311', 'Adrian', 'Medina', 'Caballero', 2018, 'adrian.medina'),
('18200312', 'Hector', 'Vargas', 'Diaz', 2018, 'hector.vargas');

-- Curso

INSERT INTO Curso (codCurso, nombreCurso, numCreditos) VALUES
('M101', 'Cálculo 1', 3.5),
('M102', 'Cálculo 2', 3.5),
('M103', 'Cálculo 3', 4),
('F101', 'Física 1', 3),
('F102', 'Física 2', 3.5),
('Q101', 'Química 1', 3),
('P101', 'Programación 1', 3),
('P102', 'Programación 2', 3);

-- Semestre

INSERT INTO Semestre (codSemestre, descripSem) VALUES
('2017-1', 'Año: 2017 Ciclo: 1'),
('2017-2', 'Año: 2017 Ciclo: 2'),
('2018-1', 'Año: 2018 Ciclo: 1');

-- Curso_Requisito

INSERT INTO Curso_Requisito (codCursoConRequisitos, codCursoRequisito) VALUES
('M102', 'M101'),
('M103', 'M102'),
('F102', 'F101'),
('P102', 'P101');

-- Curso_Semestre;

INSERT INTO Curso_Semestre (codCurso, codSemestre, codProfesorCoordinador) VALUES
('M101', '2017-1', '11200100'),
('F101', '2017-1', '11200103'),
('Q101', '2017-1', '11200105'),
('P101', '2017-1', '11200106'),
('M101', '2017-2', '11200100'),
('M102', '2017-2', '11200101'),
('F101', '2017-2', '11200103'),
('F102', '2017-2', '11200104'),
('P101', '2017-2', '11200106'),
('P102', '2017-2', '11200107'),
('M101', '2018-1', '11200100'),
('M102', '2018-1', '11200101'),
('M103', '2018-1', '11200102'),
('F101', '2018-1', '11200103'),
('F102', '2018-1', '11200104'),
('Q101', '2018-1', '11200105'),
('P101', '2018-1', '11200106'),
('P102', '2018-1', '11200107');

-- Curso_Semestre_Grupo

INSERT INTO Curso_Semestre_Grupo (codCurso, codSemestre, numGrupo, codProfesor) VALUES
('M101', '2017-1', 1, '11200100'),
('M101', '2017-1', 2, '11200101'),
('M101', '2017-1', 3, '11200102'),
('F101', '2017-1', 1, '11200103'),
('F101', '2017-1', 2, '11200104'),
('Q101', '2017-1', 1, '11200105'),
('P101', '2017-1', 1, '11200106'),
('P101', '2017-1', 2, '11200107'),
('M101', '2017-2', 1, '11200100'),
('M102', '2017-2', 1, '11200101'),
('M102', '2017-2', 2, '11200102'),
('F101', '2017-2', 1, '11200103'),
('F102', '2017-2', 1, '11200104'),
('F102', '2017-2', 2, '11200103'),
('P101', '2017-2', 1, '11200106'),
('P102', '2017-2', 1, '11200107'),
('P102', '2017-2', 2, '11200108'),
('M101', '2018-1', 1, '11200100'),
('M102', '2018-1', 1, '11200101'),
('M103', '2018-1', 1, '11200102'),
('M103', '2018-1', 2, '11200100'),
('F101', '2018-1', 1, '11200103'),
('F102', '2018-1', 1, '11200104'),
('Q101', '2018-1', 1, '11200105'),
('P101', '2018-1', 1, '11200106'),
('P101', '2018-1', 2, '11200108'),
('P102', '2018-1', 1, '11200107');

-- Matricula

INSERT INTO Matricula (codAlumno, codCurso, codSemestre, numGrupo) VALUES
('17200300', 'M101', '2017-1', 1),
('17200301', 'M101', '2017-1', 1),
('17200302', 'M101', '2017-1', 1),
('17200303', 'M101', '2017-1', 1),
('17200304', 'M101', '2017-1', 2),
('17200305', 'M101', '2017-1', 2),
('17200306', 'M101', '2017-1', 2),
('17200307', 'M101', '2017-1', 2),
('17200308', 'M101', '2017-1', 3),
('17200309', 'M101', '2017-1', 3),
('17200310', 'M101', '2017-1', 3),
('17200311', 'M101', '2017-1', 3),

('17200300', 'F101', '2017-1', 1),
('17200301', 'F101', '2017-1', 1),
('17200302', 'F101', '2017-1', 1),
('17200303', 'F101', '2017-1', 1),
('17200304', 'F101', '2017-1', 1),
('17200305', 'F101', '2017-1', 1),
('17200306', 'F101', '2017-1', 2),
('17200307', 'F101', '2017-1', 2),
('17200308', 'F101', '2017-1', 2),
('17200309', 'F101', '2017-1', 2),
('17200310', 'F101', '2017-1', 2),
('17200311', 'F101', '2017-1', 2),

('17200300', 'Q101', '2017-1', 1),
('17200301', 'Q101', '2017-1', 1),
('17200302', 'Q101', '2017-1', 1),
('17200303', 'Q101', '2017-1', 1),
('17200304', 'Q101', '2017-1', 1),
('17200305', 'Q101', '2017-1', 1),
('17200306', 'Q101', '2017-1', 1),
('17200307', 'Q101', '2017-1', 1),
('17200308', 'Q101', '2017-1', 1),
('17200309', 'Q101', '2017-1', 1),
('17200310', 'Q101', '2017-1', 1),
('17200311', 'Q101', '2017-1', 1),

('17200300', 'P101', '2017-1', 1),
('17200301', 'P101', '2017-1', 1),
('17200302', 'P101', '2017-1', 1),
('17200303', 'P101', '2017-1', 1),
('17200304', 'P101', '2017-1', 1),
('17200305', 'P101', '2017-1', 1),
('17200306', 'P101', '2017-1', 2),
('17200307', 'P101', '2017-1', 2),
('17200308', 'P101', '2017-1', 2),
('17200309', 'P101', '2017-1', 2),
('17200310', 'P101', '2017-1', 2),
('17200311', 'P101', '2017-1', 2),

('17200300', 'M101', '2017-2', 1),
('17200301', 'M101', '2017-2', 1),
('17200309', 'M101', '2017-2', 1),
('17200310', 'M101', '2017-2', 1),
('17200311', 'M101', '2017-2', 1),

('17200302', 'M102', '2017-2', 1),
('17200303', 'M102', '2017-2', 1),
('17200304', 'M102', '2017-2', 1),
('17200305', 'M102', '2017-2', 2),
('17200306', 'M102', '2017-2', 2),
('17200307', 'M102', '2017-2', 2),
('17200308', 'M102', '2017-2', 2),

('17200305', 'F101', '2017-2', 1),
('17200306', 'F101', '2017-2', 1),
('17200307', 'F101', '2017-2', 1),
('17200308', 'F101', '2017-2', 1),
('17200309', 'F101', '2017-2', 1),
('17200310', 'F101', '2017-2', 1),

('17200300', 'F102', '2017-2', 1),
('17200301', 'F102', '2017-2', 1),
('17200302', 'F102', '2017-2', 1),
('17200303', 'F102', '2017-2', 2),
('17200304', 'F102', '2017-2', 2),
('17200311', 'F102', '2017-2', 2),

('17200301', 'P101', '2017-2', 1),
('17200302', 'P101', '2017-2', 1),
('17200303', 'P101', '2017-2', 1),
('17200304', 'P101', '2017-2', 1),
('17200305', 'P101', '2017-2', 1),

('17200300', 'P102', '2017-2', 1),
('17200306', 'P102', '2017-2', 1),
('17200307', 'P102', '2017-2', 1),
('17200308', 'P102', '2017-2', 1),
('17200309', 'P102', '2017-2', 2),
('17200310', 'P102', '2017-2', 2),
('17200311', 'P102', '2017-2', 2),

('17200301', 'M101', '2018-1', 1),
('17200309', 'M101', '2018-1', 1),
('18200300', 'M101', '2018-1', 1),
('18200301', 'M101', '2018-1', 1),
('18200302', 'M101', '2018-1', 1),
('18200303', 'M101', '2018-1', 1),
('18200304', 'M101', '2018-1', 1),
('18200305', 'M101', '2018-1', 1),
('18200306', 'M101', '2018-1', 1),
('18200307', 'M101', '2018-1', 1),
('18200308', 'M101', '2018-1', 1),
('18200309', 'M101', '2018-1', 1),
('18200310', 'M101', '2018-1', 1),

('17200300', 'M102', '2018-1', 1),
('17200302', 'M102', '2018-1', 1),
('17200310', 'M102', '2018-1', 1),
('17200311', 'M102', '2018-1', 1),

('17200303', 'M103', '2018-1', 1),
('17200304', 'M103', '2018-1', 1),
('17200305', 'M103', '2018-1', 1),
('17200306', 'M103', '2018-1', 2),
('17200307', 'M103', '2018-1', 2),
('17200308', 'M103', '2018-1', 2),


('17200306', 'F101', '2018-1', 1),
('17200307', 'F101', '2018-1', 1),
('17200308', 'F101', '2018-1', 1),
('18200300', 'F101', '2018-1', 1),
('18200301', 'F101', '2018-1', 1),
('18200302', 'F101', '2018-1', 1),
('18200303', 'F101', '2018-1', 1),
('18200304', 'F101', '2018-1', 1),
('18200305', 'F101', '2018-1', 1),
('18200306', 'F101', '2018-1', 1),
('18200307', 'F101', '2018-1', 1),
('18200308', 'F101', '2018-1', 1),
('18200309', 'F101', '2018-1', 1),
('18200310', 'F101', '2018-1', 1),

('17200301', 'F102', '2018-1', 1),
('17200302', 'F102', '2018-1', 1),
('17200303', 'F102', '2018-1', 1),
('17200305', 'F102', '2018-1', 1),
('17200309', 'F102', '2018-1', 1),
('17200310', 'F102', '2018-1', 1),

('17200306', 'Q101', '2018-1', 1),
('17200307', 'Q101', '2018-1', 1),
('18200300', 'Q101', '2018-1', 1),
('18200301', 'Q101', '2018-1', 1),
('18200302', 'Q101', '2018-1', 1),
('18200303', 'Q101', '2018-1', 1),
('18200304', 'Q101', '2018-1', 1),
('18200305', 'Q101', '2018-1', 1),
('18200306', 'Q101', '2018-1', 1),
('18200307', 'Q101', '2018-1', 1),
('18200308', 'Q101', '2018-1', 1),
('18200309', 'Q101', '2018-1', 1),
('18200310', 'Q101', '2018-1', 1),

('17200303', 'P101', '2018-1', 1),
('17200304', 'P101', '2018-1', 1),
('18200300', 'P101', '2018-1', 1),
('18200301', 'P101', '2018-1', 1),
('18200302', 'P101', '2018-1', 1),
('18200303', 'P101', '2018-1', 1),
('18200304', 'P101', '2018-1', 2),
('18200305', 'P101', '2018-1', 2),
('18200306', 'P101', '2018-1', 2),
('18200307', 'P101', '2018-1', 2),
('18200308', 'P101', '2018-1', 2),
('18200309', 'P101', '2018-1', 2),
('18200310', 'P101', '2018-1', 2),

('17200301', 'P102', '2018-1', 1),
('17200302', 'P102', '2018-1', 1),
('17200305', 'P102', '2018-1', 1),
('17200309', 'P102', '2018-1', 1),
('17200310', 'P102', '2018-1', 1),
('17200311', 'P102', '2018-1', 1);

